<?xml version="1.0" encoding="UTF-8"?>
<project-private xmlns="http://www.netbeans.org/ns/project-private/1">
    <editor-bookmarks xmlns="http://www.netbeans.org/ns/editor-bookmarks/2" lastBookmarkId="0"/>
    <open-files xmlns="http://www.netbeans.org/ns/projectui-open-files/2">
        <group>
            <file>file:/C:/Users/Luis/Desktop/PROYECTS/EstructuraDatos/Semana3/Ejercicio2/src/model/Employee.java</file>
            <file>file:/C:/Users/Luis/Desktop/PROYECTS/EstructuraDatos/Semana3/Ejercicio2/src/App.java</file>
            <file>file:/C:/Users/Luis/Desktop/PROYECTS/EstructuraDatos/Semana3/Ejercicio2/src/model/List.java</file>
            <file>file:/C:/Users/Luis/Desktop/PROYECTS/EstructuraDatos/Semana3/Ejercicio2/src/view/MainFrame.java</file>
            <file>file:/C:/Users/Luis/Desktop/PROYECTS/EstructuraDatos/Semana3/Ejercicio2/src/controller/MainController.java</file>
        </group>
    </open-files>
</project-private>
